candidate_id,server_state_sha,backend,serve_config,vllm_tensor_parallel_size,vllm_data_parallel_size,vllm_enable_expert_parallel,vllm_dtype,vllm_moe_backend,vllm_all2all_backend,vllm_expert_placement_strategy,vllm_max_num_seqs,vllm_max_num_batched_tokens,vllm_gpu_memory_utilization,sglang_tp,sglang_dp,sglang_ep,sglang_dtype,sglang_attention_backend,sglang_moe_runner_backend,sglang_moe_a2a_backend,sglang_max_running_requests,sglang_chunked_prefill_size,sglang_mem_fraction_static,server_cmd
a14324327f8c,0675252c4759,sglang,sglang_tp4,,,,,,,,,,,4,1,none,bfloat16,auto,auto,none,128,8192,0.85,.backends/sglang/bin/python -m sglang.launch_server --model-path Qwen/Qwen3-30B-A3B --host 127.0.0.1 --port 19101 --dtype bfloat16 --trust-remote-code --tp 4 --context-length 8192 --mem-fraction-static 0.85 --disable-radix-cache --max-running-requests 128 --chunked-prefill-size 8192
ecde138830b5,09a06e21b4f2,sglang,sglang_tp4_dpattn,,,,,,,,,,,4,4,none,bfloat16,triton,auto,none,128,8192,0.85,.backends/sglang/bin/python -m sglang.launch_server --model-path Qwen/Qwen3-30B-A3B --host 127.0.0.1 --port 19101 --dtype bfloat16 --trust-remote-code --tp 4 --context-length 8192 --mem-fraction-static 0.85 --disable-radix-cache --max-running-requests 128 --chunked-prefill-size 8192 --attention-backend triton --dp 4 --enable-dp-attention
982d1b6dddc5,90ea3900f2ae,sglang,sglang_tp4_dpattn2_ep,,,,,,,,,,,4,2,4,bfloat16,triton,auto,none,128,8192,0.85,.backends/sglang/bin/python -m sglang.launch_server --model-path Qwen/Qwen3-30B-A3B --host 127.0.0.1 --port 19101 --dtype bfloat16 --trust-remote-code --tp 4 --context-length 8192 --mem-fraction-static 0.85 --disable-radix-cache --max-running-requests 128 --chunked-prefill-size 8192 --attention-backend triton --dp 2 --enable-dp-attention --ep 4 --moe-runner-backend auto --moe-a2a-backend none
058c3e72a3b9,3c06e5615fd5,sglang,sglang_tp4_dpattn_ep,,,,,,,,,,,4,4,4,bfloat16,triton,auto,none,128,8192,0.85,.backends/sglang/bin/python -m sglang.launch_server --model-path Qwen/Qwen3-30B-A3B --host 127.0.0.1 --port 19101 --dtype bfloat16 --trust-remote-code --tp 4 --context-length 8192 --mem-fraction-static 0.85 --disable-radix-cache --max-running-requests 128 --chunked-prefill-size 8192 --attention-backend triton --dp 4 --enable-dp-attention --ep 4 --moe-runner-backend auto --moe-a2a-backend none
062e476d673a,297a61c588cb,sglang,sglang_tp4_ep,,,,,,,,,,,4,1,4,bfloat16,flashinfer,auto,none,128,8192,0.85,.backends/sglang/bin/python -m sglang.launch_server --model-path Qwen/Qwen3-30B-A3B --host 127.0.0.1 --port 19101 --dtype bfloat16 --trust-remote-code --tp 4 --context-length 8192 --mem-fraction-static 0.85 --disable-radix-cache --max-running-requests 128 --chunked-prefill-size 8192 --attention-backend flashinfer --ep 4 --moe-runner-backend auto --moe-a2a-backend none
b74cb14ac0c9,96ff1c2efd6b,vllm,vllm_tp2dp2,2,2,False,bfloat16,auto,auto,linear,128,8192,0.85,,,,,,,,,,,/mnt/projects/AI/josh/vllm/.venv/bin/python -m vllm.entrypoints.cli.main serve Qwen/Qwen3-30B-A3B --served-model-name moe-bench-qwen3-a3b-4gpu-parallelism --host 127.0.0.1 --port 19100 --dtype bfloat16 --trust-remote-code --moe-backend auto --gpu-memory-utilization 0.85 --no-enable-prefix-caching --max-num-seqs 128 --max-num-batched-tokens 8192 --tensor-parallel-size 2 --data-parallel-size 2 --no-enable-expert-parallel
44075407cd3e,e7cd2996774d,vllm,vllm_tp2dp2_ep,2,2,True,bfloat16,auto,allgather_reducescatter,linear,128,8192,0.85,,,,,,,,,,,/mnt/projects/AI/josh/vllm/.venv/bin/python -m vllm.entrypoints.cli.main serve Qwen/Qwen3-30B-A3B --served-model-name moe-bench-qwen3-a3b-4gpu-parallelism --host 127.0.0.1 --port 19100 --dtype bfloat16 --trust-remote-code --moe-backend auto --gpu-memory-utilization 0.85 --no-enable-prefix-caching --max-num-seqs 128 --max-num-batched-tokens 8192 --tensor-parallel-size 2 --data-parallel-size 2 --enable-expert-parallel --enable-ep-weight-filter --all2all-backend allgather_reducescatter --expert-placement-strategy linear
d3ac2d162a80,9a0696003dfe,vllm,vllm_tp4dp1,4,1,False,bfloat16,auto,auto,linear,128,8192,0.85,,,,,,,,,,,/mnt/projects/AI/josh/vllm/.venv/bin/python -m vllm.entrypoints.cli.main serve Qwen/Qwen3-30B-A3B --served-model-name moe-bench-qwen3-a3b-4gpu-parallelism --host 127.0.0.1 --port 19100 --dtype bfloat16 --trust-remote-code --moe-backend auto --gpu-memory-utilization 0.85 --no-enable-prefix-caching --max-num-seqs 128 --max-num-batched-tokens 8192 --tensor-parallel-size 4 --data-parallel-size 1 --no-enable-expert-parallel
5caf3fdc02e4,702117e71a9e,vllm,vllm_tp4dp1_ep,4,1,True,bfloat16,auto,allgather_reducescatter,linear,128,8192,0.85,,,,,,,,,,,/mnt/projects/AI/josh/vllm/.venv/bin/python -m vllm.entrypoints.cli.main serve Qwen/Qwen3-30B-A3B --served-model-name moe-bench-qwen3-a3b-4gpu-parallelism --host 127.0.0.1 --port 19100 --dtype bfloat16 --trust-remote-code --moe-backend auto --gpu-memory-utilization 0.85 --no-enable-prefix-caching --max-num-seqs 128 --max-num-batched-tokens 8192 --tensor-parallel-size 4 --data-parallel-size 1 --enable-expert-parallel --enable-ep-weight-filter --all2all-backend allgather_reducescatter --expert-placement-strategy linear
