backend,run_id,candidate_id,server_state_sha,serve_config,serve_params_json,server_cmd,workload,input_len,output_len,max_concurrency,request_rate,seed,repeat,valid,failure_reason,completed,failed,duration_sec,request_throughput,output_throughput,total_throughput,output_tok_s_per_gpu,total_tok_s_per_gpu,mean_ttft_ms,p50_ttft_ms,p95_ttft_ms,p99_ttft_ms,mean_tpot_ms,p50_tpot_ms,p95_tpot_ms,p99_tpot_ms,mean_e2e_ms,p95_e2e_ms,p99_e2e_ms,source_path
sglang,qwen3-a3b-4gpu-parallelism,a14324327f8c,0675252c4759,sglang_tp4,"{""chunked_prefill_size"":8192,""context_length"":8192,""disable_radix_cache"":true,""dtype"":""bfloat16"",""max_running_requests"":128,""mem_fraction_static"":0.85,""tp"":4}",.backends/sglang/bin/python -m sglang.launch_server --model-path Qwen/Qwen3-30B-A3B --host 127.0.0.1 --port 19101 --dtype bfloat16 --trust-remote-code --tp 4 --context-length 8192 --mem-fraction-static 0.85 --disable-radix-cache --max-running-requests 128 --chunked-prefill-size 8192,prompt256_out128_conc16_seed0_rep0,256,128,16,inf,0,0,True,,32,0,4.256602075998671,7.517733494619004,515.9044610682291,1395.009421595239,128.97611526705728,348.75235539880975,257.92663636093494,208.6930219666101,,447.92505114804953,21.72372416622493,23.45004761792433,,25.977446849392436,1696.2542677720194,,3257.4803434603386,results/qwen3-a3b-4gpu-parallelism/raw/sglang/sglang_tp4/prompt256_out128_conc16_seed0_rep0/result.json
sglang,qwen3-a3b-4gpu-parallelism,a14324327f8c,95f7780d8180,sglang_tp4,"{""chunked_prefill_size"":8192,""context_length"":8192,""disable_radix_cache"":true,""dtype"":""bfloat16"",""max_running_requests"":128,""mem_fraction_static"":0.85,""tp"":4}",.backends/sglang/bin/python -m sglang.launch_server --model-path Qwen/Qwen3-30B-A3B --host 127.0.0.1 --port 19101 --dtype bfloat16 --trust-remote-code --tp 4 --context-length 8192 --mem-fraction-static 0.85 --disable-radix-cache --max-running-requests 128 --chunked-prefill-size 8192,prompt256_out128_conc4_seed0_rep0,256,128,4,inf,0,0,True,,32,0,7.323752119904384,4.369345040096439,299.8463033766181,810.7865890028954,74.96157584415452,202.69664725072386,81.87210859978222,75.23834652965888,,165.34488553996198,12.084482662679859,11.896706849182845,,15.849671045097672,876.9694459078892,,1667.7057952119503,results/qwen3-a3b-4gpu-parallelism/raw/sglang/sglang_tp4/prompt256_out128_conc4_seed0_rep0/result.json
sglang,qwen3-a3b-4gpu-parallelism,a14324327f8c,7259e83ff328,sglang_tp4,"{""chunked_prefill_size"":8192,""context_length"":8192,""disable_radix_cache"":true,""dtype"":""bfloat16"",""max_running_requests"":128,""mem_fraction_static"":0.85,""tp"":4}",.backends/sglang/bin/python -m sglang.launch_server --model-path Qwen/Qwen3-30B-A3B --host 127.0.0.1 --port 19101 --dtype bfloat16 --trust-remote-code --tp 4 --context-length 8192 --mem-fraction-static 0.85 --disable-radix-cache --max-running-requests 128 --chunked-prefill-size 8192,prompt256_out128_conc64_seed0_rep0,256,128,64,inf,0,0,True,,32,0,3.1869999839691445,10.040790762774542,689.0492660954029,1863.1942359173509,172.26231652385073,465.7985589793377,685.4025302818627,683.8167995447293,,710.4956264200155,22.664690402876232,23.114546337659846,,24.518367962295528,2159.58004096683,,3143.296167163644,results/qwen3-a3b-4gpu-parallelism/raw/sglang/sglang_tp4/prompt256_out128_conc64_seed0_rep0/result.json
sglang,qwen3-a3b-4gpu-parallelism,a14324327f8c,4a0a41097e36,sglang_tp4,"{""chunked_prefill_size"":8192,""context_length"":8192,""disable_radix_cache"":true,""dtype"":""bfloat16"",""max_running_requests"":128,""mem_fraction_static"":0.85,""tp"":4}",.backends/sglang/bin/python -m sglang.launch_server --model-path Qwen/Qwen3-30B-A3B --host 127.0.0.1 --port 19101 --dtype bfloat16 --trust-remote-code --tp 4 --context-length 8192 --mem-fraction-static 0.85 --disable-radix-cache --max-running-requests 128 --chunked-prefill-size 8192,prompt4096_out128_conc16_seed0_rep0,4096,128,16,inf,0,0,True,,32,0,15.351692502968945,2.0844607194816698,143.04611687442957,4922.584267850931,35.76152921860739,1230.6460669627327,2501.5674717469665,1228.243169025518,,5597.749780443264,68.9539023202469,78.90595722280483,,121.50324612302181,7242.576189171814,,14335.041130088503,results/qwen3-a3b-4gpu-parallelism/raw/sglang/sglang_tp4/prompt4096_out128_conc16_seed0_rep0/result.json
sglang,qwen3-a3b-4gpu-parallelism,a14324327f8c,644ac91be4d4,sglang_tp4,"{""chunked_prefill_size"":8192,""context_length"":8192,""disable_radix_cache"":true,""dtype"":""bfloat16"",""max_running_requests"":128,""mem_fraction_static"":0.85,""tp"":4}",.backends/sglang/bin/python -m sglang.launch_server --model-path Qwen/Qwen3-30B-A3B --host 127.0.0.1 --port 19101 --dtype bfloat16 --trust-remote-code --tp 4 --context-length 8192 --mem-fraction-static 0.85 --disable-radix-cache --max-running-requests 128 --chunked-prefill-size 8192,prompt4096_out128_conc4_seed0_rep0,4096,128,4,inf,0,0,True,,32,0,18.708908760920167,1.710415097370229,117.37723605703198,4039.2521533833815,29.344309014257995,1009.8130383458454,698.2821788697038,647.7096550515853,,1715.4564191319514,27.55052668948618,22.873350295146626,,76.6820733798134,2300.809155905881,,5668.78968569916,results/qwen3-a3b-4gpu-parallelism/raw/sglang/sglang_tp4/prompt4096_out128_conc4_seed0_rep0/result.json
sglang,qwen3-a3b-4gpu-parallelism,a14324327f8c,109c1181f3ae,sglang_tp4,"{""chunked_prefill_size"":8192,""context_length"":8192,""disable_radix_cache"":true,""dtype"":""bfloat16"",""max_running_requests"":128,""mem_fraction_static"":0.85,""tp"":4}",.backends/sglang/bin/python -m sglang.launch_server --model-path Qwen/Qwen3-30B-A3B --host 127.0.0.1 --port 19101 --dtype bfloat16 --trust-remote-code --tp 4 --context-length 8192 --mem-fraction-static 0.85 --disable-radix-cache --max-running-requests 128 --chunked-prefill-size 8192,prompt4096_out128_conc64_seed0_rep0,4096,128,64,inf,0,0,True,,32,0,14.160901283030398,2.259743173151482,155.07487525752043,5336.524737345546,38.76871881438011,1334.1311843363865,7507.873751746956,7777.313215949107,,11692.242448260076,113.23230440337602,91.17069120655269,,310.1604419606017,13153.53824810154,,14124.811573351035,results/qwen3-a3b-4gpu-parallelism/raw/sglang/sglang_tp4/prompt4096_out128_conc64_seed0_rep0/result.json
sglang,qwen3-a3b-4gpu-parallelism,ecde138830b5,09a06e21b4f2,sglang_tp4_dpattn,"{""attention_backend"":""triton"",""chunked_prefill_size"":8192,""context_length"":8192,""disable_radix_cache"":true,""dp"":4,""dtype"":""bfloat16"",""enable_dp_attention"":true,""max_running_requests"":128,""mem_fraction_static"":0.85,""tp"":4}",.backends/sglang/bin/python -m sglang.launch_server --model-path Qwen/Qwen3-30B-A3B --host 127.0.0.1 --port 19101 --dtype bfloat16 --trust-remote-code --tp 4 --context-length 8192 --mem-fraction-static 0.85 --disable-radix-cache --max-running-requests 128 --chunked-prefill-size 8192 --attention-backend triton --dp 4 --enable-dp-attention,prompt256_out128_conc16_seed0_rep0,256,128,16,inf,0,0,True,,32,0,5.005670070066117,6.392750531314449,438.702505211454,1186.2547704670374,109.6756263028635,296.56369261675934,284.8840992919577,253.91794502502307,,444.4338132219855,25.72650854619714,27.22089220014691,,35.43135051929576,2001.017736038193,,3773.05262091104,results/qwen3-a3b-4gpu-parallelism/raw/sglang/sglang_tp4_dpattn/prompt256_out128_conc16_seed0_rep0/result.json
sglang,qwen3-a3b-4gpu-parallelism,ecde138830b5,d4b92d1f00e6,sglang_tp4_dpattn,"{""attention_backend"":""triton"",""chunked_prefill_size"":8192,""context_length"":8192,""disable_radix_cache"":true,""dp"":4,""dtype"":""bfloat16"",""enable_dp_attention"":true,""max_running_requests"":128,""mem_fraction_static"":0.85,""tp"":4}",.backends/sglang/bin/python -m sglang.launch_server --model-path Qwen/Qwen3-30B-A3B --host 127.0.0.1 --port 19101 --dtype bfloat16 --trust-remote-code --tp 4 --context-length 8192 --mem-fraction-static 0.85 --disable-radix-cache --max-running-requests 128 --chunked-prefill-size 8192 --attention-backend triton --dp 4 --enable-dp-attention,prompt256_out128_conc4_seed0_rep0,256,128,4,inf,0,0,True,,32,0,9.647235894924961,3.317012287098107,227.62996820210762,615.5130925246425,56.907492050526905,153.87827313116063,188.75095315888757,141.20210002874956,,489.581441940973,14.898638927694513,12.88692387069892,,30.736902843463465,1161.1926906225563,,2523.295912073227,results/qwen3-a3b-4gpu-parallelism/raw/sglang/sglang_tp4_dpattn/prompt256_out128_conc4_seed0_rep0/result.json
sglang,qwen3-a3b-4gpu-parallelism,ecde138830b5,2e106f1b71b3,sglang_tp4_dpattn,"{""attention_backend"":""triton"",""chunked_prefill_size"":8192,""context_length"":8192,""disable_radix_cache"":true,""dp"":4,""dtype"":""bfloat16"",""enable_dp_attention"":true,""max_running_requests"":128,""mem_fraction_static"":0.85,""tp"":4}",.backends/sglang/bin/python -m sglang.launch_server --model-path Qwen/Qwen3-30B-A3B --host 127.0.0.1 --port 19101 --dtype bfloat16 --trust-remote-code --tp 4 --context-length 8192 --mem-fraction-static 0.85 --disable-radix-cache --max-running-requests 128 --chunked-prefill-size 8192 --attention-backend triton --dp 4 --enable-dp-attention,prompt256_out128_conc64_seed0_rep0,256,128,64,inf,0,0,True,,32,0,3.0818366459570825,10.383418615642496,712.5621024984662,1926.7731168651605,178.14052562461654,481.69327921629014,658.7566527123272,668.9508039271459,,691.3012891553808,20.84382128796647,21.309677606779218,,22.49200370037995,2039.7584684069443,,3021.237768486608,results/qwen3-a3b-4gpu-parallelism/raw/sglang/sglang_tp4_dpattn/prompt256_out128_conc64_seed0_rep0/result.json
sglang,qwen3-a3b-4gpu-parallelism,ecde138830b5,dcb5dda966a7,sglang_tp4_dpattn,"{""attention_backend"":""triton"",""chunked_prefill_size"":8192,""context_length"":8192,""disable_radix_cache"":true,""dp"":4,""dtype"":""bfloat16"",""enable_dp_attention"":true,""max_running_requests"":128,""mem_fraction_static"":0.85,""tp"":4}",.backends/sglang/bin/python -m sglang.launch_server --model-path Qwen/Qwen3-30B-A3B --host 127.0.0.1 --port 19101 --dtype bfloat16 --trust-remote-code --tp 4 --context-length 8192 --mem-fraction-static 0.85 --disable-radix-cache --max-running-requests 128 --chunked-prefill-size 8192 --attention-backend triton --dp 4 --enable-dp-attention,prompt4096_out128_conc16_seed0_rep0,4096,128,16,inf,0,0,True,,32,0,14.670861612074077,2.1811943187892995,149.68446012691567,5151.026708465855,37.42111503172892,1287.7566771164638,2051.779469504254,1301.4110694639385,,5099.591908132425,69.77638338726689,76.73218837877832,,106.31217166442762,6781.67361002852,,13361.15219802712,results/qwen3-a3b-4gpu-parallelism/raw/sglang/sglang_tp4_dpattn/prompt4096_out128_conc16_seed0_rep0/result.json
sglang,qwen3-a3b-4gpu-parallelism,ecde138830b5,6344bdf6aac8,sglang_tp4_dpattn,"{""attention_backend"":""triton"",""chunked_prefill_size"":8192,""context_length"":8192,""disable_radix_cache"":true,""dp"":4,""dtype"":""bfloat16"",""enable_dp_attention"":true,""max_running_requests"":128,""mem_fraction_static"":0.85,""tp"":4}",.backends/sglang/bin/python -m sglang.launch_server --model-path Qwen/Qwen3-30B-A3B --host 127.0.0.1 --port 19101 --dtype bfloat16 --trust-remote-code --tp 4 --context-length 8192 --mem-fraction-static 0.85 --disable-radix-cache --max-running-requests 128 --chunked-prefill-size 8192 --attention-backend triton --dp 4 --enable-dp-attention,prompt4096_out128_conc4_seed0_rep0,4096,128,4,inf,0,0,True,,32,0,18.76113933697343,1.7056533414757038,117.05046055877018,4028.006969228717,29.262615139692546,1007.0017423071793,631.6574483971635,553.338686004281,,1552.3387011303566,27.515768100807087,23.536396220335536,,71.14904553710424,2293.7576823715062,,5637.781015038492,results/qwen3-a3b-4gpu-parallelism/raw/sglang/sglang_tp4_dpattn/prompt4096_out128_conc4_seed0_rep0/result.json
sglang,qwen3-a3b-4gpu-parallelism,ecde138830b5,9c67aa52a1a7,sglang_tp4_dpattn,"{""attention_backend"":""triton"",""chunked_prefill_size"":8192,""context_length"":8192,""disable_radix_cache"":true,""dp"":4,""dtype"":""bfloat16"",""enable_dp_attention"":true,""max_running_requests"":128,""mem_fraction_static"":0.85,""tp"":4}",.backends/sglang/bin/python -m sglang.launch_server --model-path Qwen/Qwen3-30B-A3B --host 127.0.0.1 --port 19101 --dtype bfloat16 --trust-remote-code --tp 4 --context-length 8192 --mem-fraction-static 0.85 --disable-radix-cache --max-running-requests 128 --chunked-prefill-size 8192 --attention-backend triton --dp 4 --enable-dp-attention,prompt4096_out128_conc64_seed0_rep0,4096,128,64,inf,0,0,True,,32,0,13.021572384983301,2.4574605165888372,168.64322795090897,5803.446601206826,42.16080698772724,1450.8616503017065,6491.816115732945,6806.7236440838315,,10528.976475802483,109.43919919049878,87.07275943601356,,393.5570278528908,11913.140349781315,,12957.01421130565,results/qwen3-a3b-4gpu-parallelism/raw/sglang/sglang_tp4_dpattn/prompt4096_out128_conc64_seed0_rep0/result.json
sglang,qwen3-a3b-4gpu-parallelism,982d1b6dddc5,90ea3900f2ae,sglang_tp4_dpattn2_ep,"{""attention_backend"":""triton"",""chunked_prefill_size"":8192,""context_length"":8192,""disable_radix_cache"":true,""dp"":2,""dtype"":""bfloat16"",""enable_dp_attention"":true,""ep"":4,""max_running_requests"":128,""mem_fraction_static"":0.85,""moe_a2a_backend"":""none"",""moe_runner_backend"":""auto"",""tp"":4}",.backends/sglang/bin/python -m sglang.launch_server --model-path Qwen/Qwen3-30B-A3B --host 127.0.0.1 --port 19101 --dtype bfloat16 --trust-remote-code --tp 4 --context-length 8192 --mem-fraction-static 0.85 --disable-radix-cache --max-running-requests 128 --chunked-prefill-size 8192 --attention-backend triton --dp 2 --enable-dp-attention --ep 4 --moe-runner-backend auto --moe-a2a-backend none,prompt256_out128_conc16_seed0_rep0,256,128,16,inf,0,0,True,,32,0,6.566437531961128,4.87326649256083,334.42791305198693,904.295513525819,83.60697826299673,226.07387838145476,373.41326699970523,316.3844125228934,,561.9358055945486,34.62608829850192,37.60865240255953,,48.446728097151215,2680.0080545253877,,5159.283557308372,results/qwen3-a3b-4gpu-parallelism/raw/sglang/sglang_tp4_dpattn2_ep/prompt256_out128_conc16_seed0_rep0/result.json
sglang,qwen3-a3b-4gpu-parallelism,982d1b6dddc5,c9f9857d618a,sglang_tp4_dpattn2_ep,"{""attention_backend"":""triton"",""chunked_prefill_size"":8192,""context_length"":8192,""disable_radix_cache"":true,""dp"":2,""dtype"":""bfloat16"",""enable_dp_attention"":true,""ep"":4,""max_running_requests"":128,""mem_fraction_static"":0.85,""moe_a2a_backend"":""none"",""moe_runner_backend"":""auto"",""tp"":4}",.backends/sglang/bin/python -m sglang.launch_server --model-path Qwen/Qwen3-30B-A3B --host 127.0.0.1 --port 19101 --dtype bfloat16 --trust-remote-code --tp 4 --context-length 8192 --mem-fraction-static 0.85 --disable-radix-cache --max-running-requests 128 --chunked-prefill-size 8192 --attention-backend triton --dp 2 --enable-dp-attention --ep 4 --moe-runner-backend auto --moe-a2a-backend none,prompt256_out128_conc4_seed0_rep0,256,128,4,inf,0,0,True,,32,0,12.507035355083644,2.5585599697687904,175.58117792538323,474.77278439022115,43.89529448134581,118.69319609755529,225.44677225960186,161.48604749469087,,454.66604638611904,19.063110892225588,18.770128654045738,,29.753635939236045,1505.2404285379453,,3036.4881430275273,results/qwen3-a3b-4gpu-parallelism/raw/sglang/sglang_tp4_dpattn2_ep/prompt256_out128_conc4_seed0_rep0/result.json
sglang,qwen3-a3b-4gpu-parallelism,982d1b6dddc5,286650a5fe36,sglang_tp4_dpattn2_ep,"{""attention_backend"":""triton"",""chunked_prefill_size"":8192,""context_length"":8192,""disable_radix_cache"":true,""dp"":2,""dtype"":""bfloat16"",""enable_dp_attention"":true,""ep"":4,""max_running_requests"":128,""mem_fraction_static"":0.85,""moe_a2a_backend"":""none"",""moe_runner_backend"":""auto"",""tp"":4}",.backends/sglang/bin/python -m sglang.launch_server --model-path Qwen/Qwen3-30B-A3B --host 127.0.0.1 --port 19101 --dtype bfloat16 --trust-remote-code --tp 4 --context-length 8192 --mem-fraction-static 0.85 --disable-radix-cache --max-running-requests 128 --chunked-prefill-size 8192 --attention-backend triton --dp 2 --enable-dp-attention --ep 4 --moe-runner-backend auto --moe-a2a-backend none,prompt256_out128_conc64_seed0_rep0,256,128,64,inf,0,0,True,,32,0,3.8207115329569206,8.375403304848454,574.7620517952253,1554.1607757559414,143.69051294880632,388.54019393898534,691.9600096953218,700.5436545005068,,725.4479354957584,27.52471739487293,27.426382348368442,,29.976836955441197,2488.046551537991,,3766.1255848722067,results/qwen3-a3b-4gpu-parallelism/raw/sglang/sglang_tp4_dpattn2_ep/prompt256_out128_conc64_seed0_rep0/result.json
sglang,qwen3-a3b-4gpu-parallelism,982d1b6dddc5,1ba114970a4e,sglang_tp4_dpattn2_ep,"{""attention_backend"":""triton"",""chunked_prefill_size"":8192,""context_length"":8192,""disable_radix_cache"":true,""dp"":2,""dtype"":""bfloat16"",""enable_dp_attention"":true,""ep"":4,""max_running_requests"":128,""mem_fraction_static"":0.85,""moe_a2a_backend"":""none"",""moe_runner_backend"":""auto"",""tp"":4}",.backends/sglang/bin/python -m sglang.launch_server --model-path Qwen/Qwen3-30B-A3B --host 127.0.0.1 --port 19101 --dtype bfloat16 --trust-remote-code --tp 4 --context-length 8192 --mem-fraction-static 0.85 --disable-radix-cache --max-running-requests 128 --chunked-prefill-size 8192 --attention-backend triton --dp 2 --enable-dp-attention --ep 4 --moe-runner-backend auto --moe-a2a-backend none,prompt4096_out128_conc16_seed0_rep0,4096,128,16,inf,0,0,True,,32,0,15.720459998003207,2.035563845082434,139.69056886878204,4807.111242902485,34.92264221719551,1201.7778107256213,2021.6270235287084,1009.4536819960922,,5266.751178809209,78.00702632689863,88.73427256210626,,115.45636603282765,7208.6523111102,,14162.92549348087,results/qwen3-a3b-4gpu-parallelism/raw/sglang/sglang_tp4_dpattn2_ep/prompt4096_out128_conc16_seed0_rep0/result.json
sglang,qwen3-a3b-4gpu-parallelism,982d1b6dddc5,344c8030440a,sglang_tp4_dpattn2_ep,"{""attention_backend"":""triton"",""chunked_prefill_size"":8192,""context_length"":8192,""disable_radix_cache"":true,""dp"":2,""dtype"":""bfloat16"",""enable_dp_attention"":true,""ep"":4,""max_running_requests"":128,""mem_fraction_static"":0.85,""moe_a2a_backend"":""none"",""moe_runner_backend"":""auto"",""tp"":4}",.backends/sglang/bin/python -m sglang.launch_server --model-path Qwen/Qwen3-30B-A3B --host 127.0.0.1 --port 19101 --dtype bfloat16 --trust-remote-code --tp 4 --context-length 8192 --mem-fraction-static 0.85 --disable-radix-cache --max-running-requests 128 --chunked-prefill-size 8192 --attention-backend triton --dp 2 --enable-dp-attention --ep 4 --moe-runner-backend auto --moe-a2a-backend none,prompt4096_out128_conc4_seed0_rep0,4096,128,4,inf,0,0,True,,32,0,21.281131398980506,1.5036794520019265,103.19000239363221,3551.0330058683,25.797500598408053,887.758251467075,593.054008877516,478.8138750009239,,1630.6199817662127,32.346872039346025,28.20448860703533,,78.51117206311129,2593.765087574866,,6136.729536703789,results/qwen3-a3b-4gpu-parallelism/raw/sglang/sglang_tp4_dpattn2_ep/prompt4096_out128_conc4_seed0_rep0/result.json
sglang,qwen3-a3b-4gpu-parallelism,982d1b6dddc5,1fcd2b74bc58,sglang_tp4_dpattn2_ep,"{""attention_backend"":""triton"",""chunked_prefill_size"":8192,""context_length"":8192,""disable_radix_cache"":true,""dp"":2,""dtype"":""bfloat16"",""enable_dp_attention"":true,""ep"":4,""max_running_requests"":128,""mem_fraction_static"":0.85,""moe_a2a_backend"":""none"",""moe_runner_backend"":""auto"",""tp"":4}",.backends/sglang/bin/python -m sglang.launch_server --model-path Qwen/Qwen3-30B-A3B --host 127.0.0.1 --port 19101 --dtype bfloat16 --trust-remote-code --tp 4 --context-length 8192 --mem-fraction-static 0.85 --disable-radix-cache --max-running-requests 128 --chunked-prefill-size 8192 --attention-backend triton --dp 2 --enable-dp-attention --ep 4 --moe-runner-backend auto --moe-a2a-backend none,prompt4096_out128_conc64_seed0_rep0,4096,128,64,inf,0,0,True,,32,0,14.056923366966657,2.2764583091630866,156.22195146631682,5375.998575732952,39.055487866579206,1343.999643933238,6609.017768449121,6654.722083010711,,10790.090425742092,122.6144182780238,94.24243868900503,,457.91782680447113,12645.921937011735,,13993.951713345014,results/qwen3-a3b-4gpu-parallelism/raw/sglang/sglang_tp4_dpattn2_ep/prompt4096_out128_conc64_seed0_rep0/result.json
sglang,qwen3-a3b-4gpu-parallelism,058c3e72a3b9,3c06e5615fd5,sglang_tp4_dpattn_ep,"{""attention_backend"":""triton"",""chunked_prefill_size"":8192,""context_length"":8192,""disable_radix_cache"":true,""dp"":4,""dtype"":""bfloat16"",""enable_dp_attention"":true,""ep"":4,""max_running_requests"":128,""mem_fraction_static"":0.85,""moe_a2a_backend"":""none"",""moe_runner_backend"":""auto"",""tp"":4}",.backends/sglang/bin/python -m sglang.launch_server --model-path Qwen/Qwen3-30B-A3B --host 127.0.0.1 --port 19101 --dtype bfloat16 --trust-remote-code --tp 4 --context-length 8192 --mem-fraction-static 0.85 --disable-radix-cache --max-running-requests 128 --chunked-prefill-size 8192 --attention-backend triton --dp 4 --enable-dp-attention --ep 4 --moe-runner-backend auto --moe-a2a-backend none,prompt256_out128_conc16_seed0_rep0,256,128,16,inf,0,0,True,,32,0,5.583076016046107,5.73160743433011,393.3315601809038,1063.5714045328812,98.33289004522595,265.8928511332203,301.28235696975025,352.17179503524676,,510.8796095917933,29.78820111908452,32.35604117319349,,50.96673918776037,2251.8066097145493,,4302.802979649278,results/qwen3-a3b-4gpu-parallelism/raw/sglang/sglang_tp4_dpattn_ep/prompt256_out128_conc16_seed0_rep0/result.json
sglang,qwen3-a3b-4gpu-parallelism,058c3e72a3b9,844987759920,sglang_tp4_dpattn_ep,"{""attention_backend"":""triton"",""chunked_prefill_size"":8192,""context_length"":8192,""disable_radix_cache"":true,""dp"":4,""dtype"":""bfloat16"",""enable_dp_attention"":true,""ep"":4,""max_running_requests"":128,""mem_fraction_static"":0.85,""moe_a2a_backend"":""none"",""moe_runner_backend"":""auto"",""tp"":4}",.backends/sglang/bin/python -m sglang.launch_server --model-path Qwen/Qwen3-30B-A3B --host 127.0.0.1 --port 19101 --dtype bfloat16 --trust-remote-code --tp 4 --context-length 8192 --mem-fraction-static 0.85 --disable-radix-cache --max-running-requests 128 --chunked-prefill-size 8192 --attention-backend triton --dp 4 --enable-dp-attention --ep 4 --moe-runner-backend auto --moe-a2a-backend none,prompt256_out128_conc4_seed0_rep0,256,128,4,inf,0,0,True,,32,0,9.711676115985028,3.295002800528869,226.11956718629364,611.4289571731383,56.52989179657341,152.85723929328458,159.4068906015309,133.58788000186905,,267.77375864214264,15.58009375864666,15.245605430813116,,23.787542289651434,1167.2280046332162,,2344.1183541330975,results/qwen3-a3b-4gpu-parallelism/raw/sglang/sglang_tp4_dpattn_ep/prompt256_out128_conc4_seed0_rep0/result.json
sglang,qwen3-a3b-4gpu-parallelism,058c3e72a3b9,f24f3ce68907,sglang_tp4_dpattn_ep,"{""attention_backend"":""triton"",""chunked_prefill_size"":8192,""context_length"":8192,""disable_radix_cache"":true,""dp"":4,""dtype"":""bfloat16"",""enable_dp_attention"":true,""ep"":4,""max_running_requests"":128,""mem_fraction_static"":0.85,""moe_a2a_backend"":""none"",""moe_runner_backend"":""auto"",""tp"":4}",.backends/sglang/bin/python -m sglang.launch_server --model-path Qwen/Qwen3-30B-A3B --host 127.0.0.1 --port 19101 --dtype bfloat16 --trust-remote-code --tp 4 --context-length 8192 --mem-fraction-static 0.85 --disable-radix-cache --max-running-requests 128 --chunked-prefill-size 8192 --attention-backend triton --dp 4 --enable-dp-attention --ep 4 --moe-runner-backend auto --moe-a2a-backend none,prompt256_out128_conc64_seed0_rep0,256,128,64,inf,0,0,True,,32,0,3.1898589869961143,10.03179141474663,688.4316858369874,1861.5242943989215,172.10792145924685,465.38107359973037,624.8915769938321,632.6525589684024,,658.3458429959137,21.986421647198974,22.415423493985685,,23.411984671140093,2084.1397011463414,,3137.45680728578,results/qwen3-a3b-4gpu-parallelism/raw/sglang/sglang_tp4_dpattn_ep/prompt256_out128_conc64_seed0_rep0/result.json
sglang,qwen3-a3b-4gpu-parallelism,058c3e72a3b9,9a9b40d49d26,sglang_tp4_dpattn_ep,"{""attention_backend"":""triton"",""chunked_prefill_size"":8192,""context_length"":8192,""disable_radix_cache"":true,""dp"":4,""dtype"":""bfloat16"",""enable_dp_attention"":true,""ep"":4,""max_running_requests"":128,""mem_fraction_static"":0.85,""moe_a2a_backend"":""none"",""moe_runner_backend"":""auto"",""tp"":4}",.backends/sglang/bin/python -m sglang.launch_server --model-path Qwen/Qwen3-30B-A3B --host 127.0.0.1 --port 19101 --dtype bfloat16 --trust-remote-code --tp 4 --context-length 8192 --mem-fraction-static 0.85 --disable-radix-cache --max-running-requests 128 --chunked-prefill-size 8192 --attention-backend triton --dp 4 --enable-dp-attention --ep 4 --moe-runner-backend auto --moe-a2a-backend none,prompt4096_out128_conc16_seed0_rep0,4096,128,16,inf,0,0,True,,32,0,14.436673944001086,2.2165770401219773,152.1125993783707,5234.585216313057,38.028149844592676,1308.6463040782642,1955.864080984611,1307.106369000394,,4766.1458992015105,69.06016933501485,75.94872546099435,,103.43012857170173,6623.805599447223,,13029.682610852178,results/qwen3-a3b-4gpu-parallelism/raw/sglang/sglang_tp4_dpattn_ep/prompt4096_out128_conc16_seed0_rep0/result.json
sglang,qwen3-a3b-4gpu-parallelism,058c3e72a3b9,57ec445fc1c2,sglang_tp4_dpattn_ep,"{""attention_backend"":""triton"",""chunked_prefill_size"":8192,""context_length"":8192,""disable_radix_cache"":true,""dp"":4,""dtype"":""bfloat16"",""enable_dp_attention"":true,""ep"":4,""max_running_requests"":128,""mem_fraction_static"":0.85,""moe_a2a_backend"":""none"",""moe_runner_backend"":""auto"",""tp"":4}",.backends/sglang/bin/python -m sglang.launch_server --model-path Qwen/Qwen3-30B-A3B --host 127.0.0.1 --port 19101 --dtype bfloat16 --trust-remote-code --tp 4 --context-length 8192 --mem-fraction-static 0.85 --disable-radix-cache --max-running-requests 128 --chunked-prefill-size 8192 --attention-backend triton --dp 4 --enable-dp-attention --ep 4 --moe-runner-backend auto --moe-a2a-backend none,prompt4096_out128_conc4_seed0_rep0,4096,128,4,inf,0,0,True,,32,0,18.871882906998508,1.6956442638870455,116.3635876092485,4004.369906935751,29.090896902312124,1001.0924767339377,605.3977798765118,522.8106589638628,,1446.0963674646337,28.17912096950486,24.500189924563326,,70.71901895136914,2308.0588201919454,,5485.434007419974,results/qwen3-a3b-4gpu-parallelism/raw/sglang/sglang_tp4_dpattn_ep/prompt4096_out128_conc4_seed0_rep0/result.json
sglang,qwen3-a3b-4gpu-parallelism,058c3e72a3b9,8c2cb150f063,sglang_tp4_dpattn_ep,"{""attention_backend"":""triton"",""chunked_prefill_size"":8192,""context_length"":8192,""disable_radix_cache"":true,""dp"":4,""dtype"":""bfloat16"",""enable_dp_attention"":true,""ep"":4,""max_running_requests"":128,""mem_fraction_static"":0.85,""moe_a2a_backend"":""none"",""moe_runner_backend"":""auto"",""tp"":4}",.backends/sglang/bin/python -m sglang.launch_server --model-path Qwen/Qwen3-30B-A3B --host 127.0.0.1 --port 19101 --dtype bfloat16 --trust-remote-code --tp 4 --context-length 8192 --mem-fraction-static 0.85 --disable-radix-cache --max-running-requests 128 --chunked-prefill-size 8192 --attention-backend triton --dp 4 --enable-dp-attention --ep 4 --moe-runner-backend auto --moe-a2a-backend none,prompt4096_out128_conc64_seed0_rep0,4096,128,64,inf,0,0,True,,32,0,11.94989201799035,2.677848465226679,183.76735092618082,6323.906516161878,45.941837731545206,1580.9766290404696,5679.767811794591,5932.945009495597,,9297.450733325677,101.90862339443272,82.23834879545203,,356.3089876047923,10769.610293224105,,11881.998494531726,results/qwen3-a3b-4gpu-parallelism/raw/sglang/sglang_tp4_dpattn_ep/prompt4096_out128_conc64_seed0_rep0/result.json
sglang,qwen3-a3b-4gpu-parallelism,062e476d673a,297a61c588cb,sglang_tp4_ep,"{""attention_backend"":""flashinfer"",""chunked_prefill_size"":8192,""context_length"":8192,""disable_radix_cache"":true,""dtype"":""bfloat16"",""ep"":4,""max_running_requests"":128,""mem_fraction_static"":0.85,""moe_a2a_backend"":""none"",""moe_runner_backend"":""auto"",""tp"":4}",.backends/sglang/bin/python -m sglang.launch_server --model-path Qwen/Qwen3-30B-A3B --host 127.0.0.1 --port 19101 --dtype bfloat16 --trust-remote-code --tp 4 --context-length 8192 --mem-fraction-static 0.85 --disable-radix-cache --max-running-requests 128 --chunked-prefill-size 8192 --attention-backend flashinfer --ep 4 --moe-runner-backend auto --moe-a2a-backend none,prompt256_out128_conc16_seed0_rep0,256,128,16,inf,0,0,True,,32,0,5.110135476919822,6.262064899165505,429.7342037052328,1162.004417851399,107.4335509263082,290.50110446284975,507.7786591864424,511.41205051681027,,936.7933190474287,23.35295951474598,25.00931046160132,,28.037378552799055,2060.9122736859717,,3997.5501030113087,results/qwen3-a3b-4gpu-parallelism/raw/sglang/sglang_tp4_ep/prompt256_out128_conc16_seed0_rep0/result.json
sglang,qwen3-a3b-4gpu-parallelism,062e476d673a,4552c2e79bdc,sglang_tp4_ep,"{""attention_backend"":""flashinfer"",""chunked_prefill_size"":8192,""context_length"":8192,""disable_radix_cache"":true,""dtype"":""bfloat16"",""ep"":4,""max_running_requests"":128,""mem_fraction_static"":0.85,""moe_a2a_backend"":""none"",""moe_runner_backend"":""auto"",""tp"":4}",.backends/sglang/bin/python -m sglang.launch_server --model-path Qwen/Qwen3-30B-A3B --host 127.0.0.1 --port 19101 --dtype bfloat16 --trust-remote-code --tp 4 --context-length 8192 --mem-fraction-static 0.85 --disable-radix-cache --max-running-requests 128 --chunked-prefill-size 8192 --attention-backend flashinfer --ep 4 --moe-runner-backend auto --moe-a2a-backend none,prompt256_out128_conc4_seed0_rep0,256,128,4,inf,0,0,True,,32,0,7.963209277018905,4.018480349668705,275.7682139960148,745.679259885399,68.9420534990037,186.41981497134975,87.28413910648669,78.35143903503194,,171.59278422244824,13.183345241639746,13.050467226691186,,17.234421055523256,955.5847814081062,,1833.0724465998355,results/qwen3-a3b-4gpu-parallelism/raw/sglang/sglang_tp4_ep/prompt256_out128_conc4_seed0_rep0/result.json
sglang,qwen3-a3b-4gpu-parallelism,062e476d673a,cc331fecee14,sglang_tp4_ep,"{""attention_backend"":""flashinfer"",""chunked_prefill_size"":8192,""context_length"":8192,""disable_radix_cache"":true,""dtype"":""bfloat16"",""ep"":4,""max_running_requests"":128,""mem_fraction_static"":0.85,""moe_a2a_backend"":""none"",""moe_runner_backend"":""auto"",""tp"":4}",.backends/sglang/bin/python -m sglang.launch_server --model-path Qwen/Qwen3-30B-A3B --host 127.0.0.1 --port 19101 --dtype bfloat16 --trust-remote-code --tp 4 --context-length 8192 --mem-fraction-static 0.85 --disable-radix-cache --max-running-requests 128 --chunked-prefill-size 8192 --attention-backend flashinfer --ep 4 --moe-runner-backend auto --moe-a2a-backend none,prompt256_out128_conc64_seed0_rep0,256,128,64,inf,0,0,True,,32,0,3.329818606027402,9.61013309916518,659.4953839302106,1783.280323213839,164.87384598255264,445.82008080345975,691.4979280954867,695.3265244374052,,712.7642280317377,23.67325055415377,24.101474068275863,,25.482310024489035,2237.103528364969,,3283.6344735021707,results/qwen3-a3b-4gpu-parallelism/raw/sglang/sglang_tp4_ep/prompt256_out128_conc64_seed0_rep0/result.json
sglang,qwen3-a3b-4gpu-parallelism,062e476d673a,96fabf1227f9,sglang_tp4_ep,"{""attention_backend"":""flashinfer"",""chunked_prefill_size"":8192,""context_length"":8192,""disable_radix_cache"":true,""dtype"":""bfloat16"",""ep"":4,""max_running_requests"":128,""mem_fraction_static"":0.85,""moe_a2a_backend"":""none"",""moe_runner_backend"":""auto"",""tp"":4}",.backends/sglang/bin/python -m sglang.launch_server --model-path Qwen/Qwen3-30B-A3B --host 127.0.0.1 --port 19101 --dtype bfloat16 --trust-remote-code --tp 4 --context-length 8192 --mem-fraction-static 0.85 --disable-radix-cache --max-running-requests 128 --chunked-prefill-size 8192 --attention-backend flashinfer --ep 4 --moe-runner-backend auto --moe-a2a-backend none,prompt4096_out128_conc16_seed0_rep0,4096,128,16,inf,0,0,True,,32,0,15.589447333943099,2.0526705863604287,140.8645189889844,4847.5098816018,35.2161297472461,1211.87747040045,2516.915545504162,1237.4214309966192,,5635.087992921472,69.95391133179952,79.70270727041087,,122.76463384437376,7325.96559299418,,14487.160053950502,results/qwen3-a3b-4gpu-parallelism/raw/sglang/sglang_tp4_ep/prompt4096_out128_conc16_seed0_rep0/result.json
sglang,qwen3-a3b-4gpu-parallelism,062e476d673a,28b0893928b9,sglang_tp4_ep,"{""attention_backend"":""flashinfer"",""chunked_prefill_size"":8192,""context_length"":8192,""disable_radix_cache"":true,""dtype"":""bfloat16"",""ep"":4,""max_running_requests"":128,""mem_fraction_static"":0.85,""moe_a2a_backend"":""none"",""moe_runner_backend"":""auto"",""tp"":4}",.backends/sglang/bin/python -m sglang.launch_server --model-path Qwen/Qwen3-30B-A3B --host 127.0.0.1 --port 19101 --dtype bfloat16 --trust-remote-code --tp 4 --context-length 8192 --mem-fraction-static 0.85 --disable-radix-cache --max-running-requests 128 --chunked-prefill-size 8192 --attention-backend flashinfer --ep 4 --moe-runner-backend auto --moe-a2a-backend none,prompt4096_out128_conc4_seed0_rep0,4096,128,4,inf,0,0,True,,32,0,19.20797661098186,1.6659745400618877,114.32750281174704,3934.302999764902,28.58187570293676,983.5757499412255,683.1627124629449,589.0928320004605,,1721.8074434879236,28.629419187385217,23.64477100389017,,77.43871130023847,2359.138241314213,,5766.651116965806,results/qwen3-a3b-4gpu-parallelism/raw/sglang/sglang_tp4_ep/prompt4096_out128_conc4_seed0_rep0/result.json
sglang,qwen3-a3b-4gpu-parallelism,062e476d673a,80a4af28305a,sglang_tp4_ep,"{""attention_backend"":""flashinfer"",""chunked_prefill_size"":8192,""context_length"":8192,""disable_radix_cache"":true,""dtype"":""bfloat16"",""ep"":4,""max_running_requests"":128,""mem_fraction_static"":0.85,""moe_a2a_backend"":""none"",""moe_runner_backend"":""auto"",""tp"":4}",.backends/sglang/bin/python -m sglang.launch_server --model-path Qwen/Qwen3-30B-A3B --host 127.0.0.1 --port 19101 --dtype bfloat16 --trust-remote-code --tp 4 --context-length 8192 --mem-fraction-static 0.85 --disable-radix-cache --max-running-requests 128 --chunked-prefill-size 8192 --attention-backend flashinfer --ep 4 --moe-runner-backend auto --moe-a2a-backend none,prompt4096_out128_conc64_seed0_rep0,4096,128,64,inf,0,0,True,,32,0,14.330487812054344,2.2330014455671656,153.23972420204674,5273.37247629721,38.309931050511686,1318.3431190743024,7529.544665849244,7802.405816502869,,11721.749920560978,114.6264708717539,92.45860526072758,,311.7474511834804,13262.356823386654,,14289.954985509394,results/qwen3-a3b-4gpu-parallelism/raw/sglang/sglang_tp4_ep/prompt4096_out128_conc64_seed0_rep0/result.json
vllm,qwen3-a3b-4gpu-parallelism,b74cb14ac0c9,96ff1c2efd6b,vllm_tp2dp2,"{""data_parallel_size"":2,""dtype"":""bfloat16"",""enable_expert_parallel"":false,""enable_prefix_caching"":false,""gpu_memory_utilization"":0.85,""max_num_batched_tokens"":8192,""max_num_seqs"":128,""moe_backend"":""auto"",""tensor_parallel_size"":2}",/mnt/projects/AI/josh/vllm/.venv/bin/python -m vllm.entrypoints.cli.main serve Qwen/Qwen3-30B-A3B --served-model-name moe-bench-qwen3-a3b-4gpu-parallelism --host 127.0.0.1 --port 19100 --dtype bfloat16 --trust-remote-code --moe-backend auto --gpu-memory-utilization 0.85 --no-enable-prefix-caching --max-num-seqs 128 --max-num-batched-tokens 8192 --tensor-parallel-size 2 --data-parallel-size 2 --no-enable-expert-parallel,prompt256_out128_conc16_seed0_rep0,256,128,16,inf,0,0,True,,32,0,9.356609500013292,3.420042270648844,437.765410643052,1313.296231929156,109.441352660763,328.324057982289,765.519098022196,611.9608754524961,1200.3731079166755,1201.1119418835733,30.72600782435597,31.187282862347057,34.98804996364868,35.846033670085184,4667.7220917154045,4805.221357027767,4806.003848230466,results/qwen3-a3b-4gpu-parallelism/raw/vllm/vllm_tp2dp2/prompt256_out128_conc16_seed0_rep0/result.json
vllm,qwen3-a3b-4gpu-parallelism,b74cb14ac0c9,96ff1c2efd6b,vllm_tp2dp2,"{""data_parallel_size"":2,""dtype"":""bfloat16"",""enable_expert_parallel"":false,""enable_prefix_caching"":false,""gpu_memory_utilization"":0.85,""max_num_batched_tokens"":8192,""max_num_seqs"":128,""moe_backend"":""auto"",""tensor_parallel_size"":2}",/mnt/projects/AI/josh/vllm/.venv/bin/python -m vllm.entrypoints.cli.main serve Qwen/Qwen3-30B-A3B --served-model-name moe-bench-qwen3-a3b-4gpu-parallelism --host 127.0.0.1 --port 19100 --dtype bfloat16 --trust-remote-code --moe-backend auto --gpu-memory-utilization 0.85 --no-enable-prefix-caching --max-num-seqs 128 --max-num-batched-tokens 8192 --tensor-parallel-size 2 --data-parallel-size 2 --no-enable-expert-parallel,prompt256_out128_conc4_seed0_rep0,256,128,4,inf,0,0,True,,32,0,18.21860657504294,1.7564460744125037,224.82509752480047,674.4752925744014,56.20627438120012,168.61882314360034,326.2126153422287,226.5358265140094,1331.6353640402667,1386.9935305637773,15.337907317110316,14.878571468431092,15.913805248917951,21.644829191252835,2274.126844615239,3274.9127428338397,3283.7562375410926,results/qwen3-a3b-4gpu-parallelism/raw/vllm/vllm_tp2dp2/prompt256_out128_conc4_seed0_rep0/result.json
vllm,qwen3-a3b-4gpu-parallelism,b74cb14ac0c9,96ff1c2efd6b,vllm_tp2dp2,"{""data_parallel_size"":2,""dtype"":""bfloat16"",""enable_expert_parallel"":false,""enable_prefix_caching"":false,""gpu_memory_utilization"":0.85,""max_num_batched_tokens"":8192,""max_num_seqs"":128,""moe_backend"":""auto"",""tensor_parallel_size"":2}",/mnt/projects/AI/josh/vllm/.venv/bin/python -m vllm.entrypoints.cli.main serve Qwen/Qwen3-30B-A3B --served-model-name moe-bench-qwen3-a3b-4gpu-parallelism --host 127.0.0.1 --port 19100 --dtype bfloat16 --trust-remote-code --moe-backend auto --gpu-memory-utilization 0.85 --no-enable-prefix-caching --max-num-seqs 128 --max-num-batched-tokens 8192 --tensor-parallel-size 2 --data-parallel-size 2 --no-enable-expert-parallel,prompt256_out128_conc64_seed0_rep0,256,128,64,inf,0,0,True,,32,0,5.553344415966421,5.762293422319853,737.5735580569412,2212.7206741708237,184.3933895142353,553.1801685427059,1445.9940447886765,1113.502325490117,1956.5003018418793,1957.7940334193408,32.09446664773777,34.68261532234321,37.54014288685761,41.390725024416675,5521.991309051373,5545.975137519417,5547.356461783638,results/qwen3-a3b-4gpu-parallelism/raw/vllm/vllm_tp2dp2/prompt256_out128_conc64_seed0_rep0/result.json
vllm,qwen3-a3b-4gpu-parallelism,b74cb14ac0c9,96ff1c2efd6b,vllm_tp2dp2,"{""data_parallel_size"":2,""dtype"":""bfloat16"",""enable_expert_parallel"":false,""enable_prefix_caching"":false,""gpu_memory_utilization"":0.85,""max_num_batched_tokens"":8192,""max_num_seqs"":128,""moe_backend"":""auto"",""tensor_parallel_size"":2}",/mnt/projects/AI/josh/vllm/.venv/bin/python -m vllm.entrypoints.cli.main serve Qwen/Qwen3-30B-A3B --served-model-name moe-bench-qwen3-a3b-4gpu-parallelism --host 127.0.0.1 --port 19100 --dtype bfloat16 --trust-remote-code --moe-backend auto --gpu-memory-utilization 0.85 --no-enable-prefix-caching --max-num-seqs 128 --max-num-batched-tokens 8192 --tensor-parallel-size 2 --data-parallel-size 2 --no-enable-expert-parallel,prompt4096_out128_conc16_seed0_rep0,4096,128,16,inf,0,0,True,,32,0,26.84492208401207,1.1920317704724546,152.58006662047418,5035.142198475648,38.145016655118546,1258.785549618912,6748.389209693414,6676.081839425024,10300.420048448723,10322.707395217149,52.32325784558858,46.66084925209604,90.86212016730093,99.87928229231962,13393.442956083163,14224.374879093375,14260.68130514468,results/qwen3-a3b-4gpu-parallelism/raw/vllm/vllm_tp2dp2/prompt4096_out128_conc16_seed0_rep0/result.json
vllm,qwen3-a3b-4gpu-parallelism,b74cb14ac0c9,96ff1c2efd6b,vllm_tp2dp2,"{""data_parallel_size"":2,""dtype"":""bfloat16"",""enable_expert_parallel"":false,""enable_prefix_caching"":false,""gpu_memory_utilization"":0.85,""max_num_batched_tokens"":8192,""max_num_seqs"":128,""moe_backend"":""auto"",""tensor_parallel_size"":2}",/mnt/projects/AI/josh/vllm/.venv/bin/python -m vllm.entrypoints.cli.main serve Qwen/Qwen3-30B-A3B --served-model-name moe-bench-qwen3-a3b-4gpu-parallelism --host 127.0.0.1 --port 19100 --dtype bfloat16 --trust-remote-code --moe-backend auto --gpu-memory-utilization 0.85 --no-enable-prefix-caching --max-num-seqs 128 --max-num-batched-tokens 8192 --tensor-parallel-size 2 --data-parallel-size 2 --no-enable-expert-parallel,prompt4096_out128_conc4_seed0_rep0,4096,128,4,inf,0,0,True,,32,0,46.82380745001137,0.6834130273186964,87.47686749679313,2886.7366273941734,21.869216874198283,721.6841568485434,2540.9972476554685,2661.511329934001,4003.452581551391,4412.336820380297,26.05373720570507,21.976349905580577,38.886921814373345,42.76331825516422,5849.821872780012,6617.458998656366,6628.828915776685,results/qwen3-a3b-4gpu-parallelism/raw/vllm/vllm_tp2dp2/prompt4096_out128_conc4_seed0_rep0/result.json
vllm,qwen3-a3b-4gpu-parallelism,b74cb14ac0c9,96ff1c2efd6b,vllm_tp2dp2,"{""data_parallel_size"":2,""dtype"":""bfloat16"",""enable_expert_parallel"":false,""enable_prefix_caching"":false,""gpu_memory_utilization"":0.85,""max_num_batched_tokens"":8192,""max_num_seqs"":128,""moe_backend"":""auto"",""tensor_parallel_size"":2}",/mnt/projects/AI/josh/vllm/.venv/bin/python -m vllm.entrypoints.cli.main serve Qwen/Qwen3-30B-A3B --served-model-name moe-bench-qwen3-a3b-4gpu-parallelism --host 127.0.0.1 --port 19100 --dtype bfloat16 --trust-remote-code --moe-backend auto --gpu-memory-utilization 0.85 --no-enable-prefix-caching --max-num-seqs 128 --max-num-batched-tokens 8192 --tensor-parallel-size 2 --data-parallel-size 2 --no-enable-expert-parallel,prompt4096_out128_conc64_seed0_rep0,4096,128,64,inf,0,0,True,,32,0,21.031903418013826,1.5214980481791296,194.7517501669286,6426.807755508643,48.68793754173215,1606.7019388771607,10626.163468263258,10863.154043036047,17397.700606979197,17407.037089429796,81.22787246454003,79.4756601887249,144.35273722056152,153.35393551187994,20942.10327125984,21004.771176783834,21005.96285002306,results/qwen3-a3b-4gpu-parallelism/raw/vllm/vllm_tp2dp2/prompt4096_out128_conc64_seed0_rep0/result.json
vllm,qwen3-a3b-4gpu-parallelism,44075407cd3e,e7cd2996774d,vllm_tp2dp2_ep,"{""all2all_backend"":""allgather_reducescatter"",""data_parallel_size"":2,""dtype"":""bfloat16"",""enable_ep_weight_filter"":true,""enable_expert_parallel"":true,""enable_prefix_caching"":false,""expert_placement_strategy"":""linear"",""gpu_memory_utilization"":0.85,""max_num_batched_tokens"":8192,""max_num_seqs"":128,""moe_backend"":""auto"",""tensor_parallel_size"":2}",/mnt/projects/AI/josh/vllm/.venv/bin/python -m vllm.entrypoints.cli.main serve Qwen/Qwen3-30B-A3B --served-model-name moe-bench-qwen3-a3b-4gpu-parallelism --host 127.0.0.1 --port 19100 --dtype bfloat16 --trust-remote-code --moe-backend auto --gpu-memory-utilization 0.85 --no-enable-prefix-caching --max-num-seqs 128 --max-num-batched-tokens 8192 --tensor-parallel-size 2 --data-parallel-size 2 --enable-expert-parallel --enable-ep-weight-filter --all2all-backend allgather_reducescatter --expert-placement-strategy linear,prompt256_out128_conc16_seed0_rep0,256,128,16,inf,0,0,True,,32,0,8.871714313980192,3.606969168244505,461.6920535352966,1385.0761606058898,115.42301338382416,346.26904015147244,838.6573511597817,957.9549410264008,1104.480223346036,1106.3405264134053,28.229692819963464,29.691256224324444,36.27542613787342,36.29749955183196,4423.828339295142,4843.066866596928,4843.619302182924,results/qwen3-a3b-4gpu-parallelism/raw/vllm/vllm_tp2dp2_ep/prompt256_out128_conc16_seed0_rep0/result.json
vllm,qwen3-a3b-4gpu-parallelism,44075407cd3e,e7cd2996774d,vllm_tp2dp2_ep,"{""all2all_backend"":""allgather_reducescatter"",""data_parallel_size"":2,""dtype"":""bfloat16"",""enable_ep_weight_filter"":true,""enable_expert_parallel"":true,""enable_prefix_caching"":false,""expert_placement_strategy"":""linear"",""gpu_memory_utilization"":0.85,""max_num_batched_tokens"":8192,""max_num_seqs"":128,""moe_backend"":""auto"",""tensor_parallel_size"":2}",/mnt/projects/AI/josh/vllm/.venv/bin/python -m vllm.entrypoints.cli.main serve Qwen/Qwen3-30B-A3B --served-model-name moe-bench-qwen3-a3b-4gpu-parallelism --host 127.0.0.1 --port 19100 --dtype bfloat16 --trust-remote-code --moe-backend auto --gpu-memory-utilization 0.85 --no-enable-prefix-caching --max-num-seqs 128 --max-num-batched-tokens 8192 --tensor-parallel-size 2 --data-parallel-size 2 --enable-expert-parallel --enable-ep-weight-filter --all2all-backend allgather_reducescatter --expert-placement-strategy linear,prompt256_out128_conc4_seed0_rep0,256,128,4,inf,0,0,True,,32,0,22.111802502069622,1.4471909287813538,185.2404388840133,555.7213166520398,46.31010972100332,138.93032916300996,258.2703535917972,223.71761000249535,389.7753122262656,425.4180041141808,19.69966723997394,19.78797166503775,22.147950429495012,23.2370056504545,2760.128093068488,3159.4809924717993,3168.829526863992,results/qwen3-a3b-4gpu-parallelism/raw/vllm/vllm_tp2dp2_ep/prompt256_out128_conc4_seed0_rep0/result.json
vllm,qwen3-a3b-4gpu-parallelism,44075407cd3e,e7cd2996774d,vllm_tp2dp2_ep,"{""all2all_backend"":""allgather_reducescatter"",""data_parallel_size"":2,""dtype"":""bfloat16"",""enable_ep_weight_filter"":true,""enable_expert_parallel"":true,""enable_prefix_caching"":false,""expert_placement_strategy"":""linear"",""gpu_memory_utilization"":0.85,""max_num_batched_tokens"":8192,""max_num_seqs"":128,""moe_backend"":""auto"",""tensor_parallel_size"":2}",/mnt/projects/AI/josh/vllm/.venv/bin/python -m vllm.entrypoints.cli.main serve Qwen/Qwen3-30B-A3B --served-model-name moe-bench-qwen3-a3b-4gpu-parallelism --host 127.0.0.1 --port 19100 --dtype bfloat16 --trust-remote-code --moe-backend auto --gpu-memory-utilization 0.85 --no-enable-prefix-caching --max-num-seqs 128 --max-num-batched-tokens 8192 --tensor-parallel-size 2 --data-parallel-size 2 --enable-expert-parallel --enable-ep-weight-filter --all2all-backend allgather_reducescatter --expert-placement-strategy linear,prompt256_out128_conc64_seed0_rep0,256,128,64,inf,0,0,True,,32,0,5.740988908102736,5.573952591135603,713.4659316653572,2140.3977949960713,178.3664829163393,535.0994487490178,1389.7653994026768,1045.448622549884,1861.8865253054537,1864.2375497391913,34.01108807007604,36.70540213764564,36.781999379841935,41.101630162695194,5709.173584302334,5734.925804584054,5738.491124160355,results/qwen3-a3b-4gpu-parallelism/raw/vllm/vllm_tp2dp2_ep/prompt256_out128_conc64_seed0_rep0/result.json
vllm,qwen3-a3b-4gpu-parallelism,44075407cd3e,e7cd2996774d,vllm_tp2dp2_ep,"{""all2all_backend"":""allgather_reducescatter"",""data_parallel_size"":2,""dtype"":""bfloat16"",""enable_ep_weight_filter"":true,""enable_expert_parallel"":true,""enable_prefix_caching"":false,""expert_placement_strategy"":""linear"",""gpu_memory_utilization"":0.85,""max_num_batched_tokens"":8192,""max_num_seqs"":128,""moe_backend"":""auto"",""tensor_parallel_size"":2}",/mnt/projects/AI/josh/vllm/.venv/bin/python -m vllm.entrypoints.cli.main serve Qwen/Qwen3-30B-A3B --served-model-name moe-bench-qwen3-a3b-4gpu-parallelism --host 127.0.0.1 --port 19100 --dtype bfloat16 --trust-remote-code --moe-backend auto --gpu-memory-utilization 0.85 --no-enable-prefix-caching --max-num-seqs 128 --max-num-batched-tokens 8192 --tensor-parallel-size 2 --data-parallel-size 2 --enable-expert-parallel --enable-ep-weight-filter --all2all-backend allgather_reducescatter --expert-placement-strategy linear,prompt4096_out128_conc16_seed0_rep0,4096,128,16,inf,0,0,True,,32,0,24.967696373932995,1.281656085557374,164.05197895134387,5413.7153053943475,41.01299473783597,1353.4288263485869,6494.760447494627,7251.59767846344,9301.287590671564,9307.429988936055,46.99701375522106,41.16754691340176,85.68642994853683,89.96103957757414,12463.381194407702,13171.045011718525,13181.017060664017,results/qwen3-a3b-4gpu-parallelism/raw/vllm/vllm_tp2dp2_ep/prompt4096_out128_conc16_seed0_rep0/result.json
vllm,qwen3-a3b-4gpu-parallelism,44075407cd3e,e7cd2996774d,vllm_tp2dp2_ep,"{""all2all_backend"":""allgather_reducescatter"",""data_parallel_size"":2,""dtype"":""bfloat16"",""enable_ep_weight_filter"":true,""enable_expert_parallel"":true,""enable_prefix_caching"":false,""expert_placement_strategy"":""linear"",""gpu_memory_utilization"":0.85,""max_num_batched_tokens"":8192,""max_num_seqs"":128,""moe_backend"":""auto"",""tensor_parallel_size"":2}",/mnt/projects/AI/josh/vllm/.venv/bin/python -m vllm.entrypoints.cli.main serve Qwen/Qwen3-30B-A3B --served-model-name moe-bench-qwen3-a3b-4gpu-parallelism --host 127.0.0.1 --port 19100 --dtype bfloat16 --trust-remote-code --moe-backend auto --gpu-memory-utilization 0.85 --no-enable-prefix-caching --max-num-seqs 128 --max-num-batched-tokens 8192 --tensor-parallel-size 2 --data-parallel-size 2 --enable-expert-parallel --enable-ep-weight-filter --all2all-backend allgather_reducescatter --expert-placement-strategy linear,prompt4096_out128_conc4_seed0_rep0,4096,128,4,inf,0,0,True,,32,0,46.99961220100522,0.6808566816071642,87.14965524571701,2875.9386231086614,21.787413811429253,718.9846557771654,2393.706297247263,2534.7370764939114,3504.8916249594186,3524.1351056529675,27.382115975342458,24.599782968541298,39.43785342647269,39.866000199662956,5871.235026115755,6002.914321346907,6029.327166519361,results/qwen3-a3b-4gpu-parallelism/raw/vllm/vllm_tp2dp2_ep/prompt4096_out128_conc4_seed0_rep0/result.json
vllm,qwen3-a3b-4gpu-parallelism,44075407cd3e,e7cd2996774d,vllm_tp2dp2_ep,"{""all2all_backend"":""allgather_reducescatter"",""data_parallel_size"":2,""dtype"":""bfloat16"",""enable_ep_weight_filter"":true,""enable_expert_parallel"":true,""enable_prefix_caching"":false,""expert_placement_strategy"":""linear"",""gpu_memory_utilization"":0.85,""max_num_batched_tokens"":8192,""max_num_seqs"":128,""moe_backend"":""auto"",""tensor_parallel_size"":2}",/mnt/projects/AI/josh/vllm/.venv/bin/python -m vllm.entrypoints.cli.main serve Qwen/Qwen3-30B-A3B --served-model-name moe-bench-qwen3-a3b-4gpu-parallelism --host 127.0.0.1 --port 19100 --dtype bfloat16 --trust-remote-code --moe-backend auto --gpu-memory-utilization 0.85 --no-enable-prefix-caching --max-num-seqs 128 --max-num-batched-tokens 8192 --tensor-parallel-size 2 --data-parallel-size 2 --enable-expert-parallel --enable-ep-weight-filter --all2all-backend allgather_reducescatter --expert-placement-strategy linear,prompt4096_out128_conc64_seed0_rep0,4096,128,64,inf,0,0,True,,32,0,23.28447968501132,1.3743059940737707,175.91116724144266,5805.068518967607,43.977791810360664,1451.2671297419017,11892.05057428262,11638.409758044872,19301.72305314918,19310.316857859725,88.88880803019353,90.98373948803581,160.61746518120287,169.31004797714382,23180.929194117198,23252.866018615896,23255.896117367083,results/qwen3-a3b-4gpu-parallelism/raw/vllm/vllm_tp2dp2_ep/prompt4096_out128_conc64_seed0_rep0/result.json
vllm,qwen3-a3b-4gpu-parallelism,d3ac2d162a80,9a0696003dfe,vllm_tp4dp1,"{""data_parallel_size"":1,""dtype"":""bfloat16"",""enable_expert_parallel"":false,""enable_prefix_caching"":false,""gpu_memory_utilization"":0.85,""max_num_batched_tokens"":8192,""max_num_seqs"":128,""moe_backend"":""auto"",""tensor_parallel_size"":4}",/mnt/projects/AI/josh/vllm/.venv/bin/python -m vllm.entrypoints.cli.main serve Qwen/Qwen3-30B-A3B --served-model-name moe-bench-qwen3-a3b-4gpu-parallelism --host 127.0.0.1 --port 19100 --dtype bfloat16 --trust-remote-code --moe-backend auto --gpu-memory-utilization 0.85 --no-enable-prefix-caching --max-num-seqs 128 --max-num-batched-tokens 8192 --tensor-parallel-size 4 --data-parallel-size 1 --no-enable-expert-parallel,prompt256_out128_conc16_seed0_rep0,256,128,16,inf,0,0,True,,32,0,6.008040462969802,5.32619581995662,681.7530649544474,2045.2591948633424,170.43826623861185,511.3147987158356,654.6482803641993,692.7642700029537,802.247441583313,802.9281424276996,18.437852473953814,17.850222669662834,22.246756526828545,22.517065397467405,2996.255544556334,3069.8429698182736,3070.792161297286,results/qwen3-a3b-4gpu-parallelism/raw/vllm/vllm_tp4dp1/prompt256_out128_conc16_seed0_rep0/result.json
vllm,qwen3-a3b-4gpu-parallelism,d3ac2d162a80,9a0696003dfe,vllm_tp4dp1,"{""data_parallel_size"":1,""dtype"":""bfloat16"",""enable_expert_parallel"":false,""enable_prefix_caching"":false,""gpu_memory_utilization"":0.85,""max_num_batched_tokens"":8192,""max_num_seqs"":128,""moe_backend"":""auto"",""tensor_parallel_size"":4}",/mnt/projects/AI/josh/vllm/.venv/bin/python -m vllm.entrypoints.cli.main serve Qwen/Qwen3-30B-A3B --served-model-name moe-bench-qwen3-a3b-4gpu-parallelism --host 127.0.0.1 --port 19100 --dtype bfloat16 --trust-remote-code --moe-backend auto --gpu-memory-utilization 0.85 --no-enable-prefix-caching --max-num-seqs 128 --max-num-batched-tokens 8192 --tensor-parallel-size 4 --data-parallel-size 1 --no-enable-expert-parallel,prompt256_out128_conc4_seed0_rep0,256,128,4,inf,0,0,True,,32,0,13.040483519085683,2.4538967403444594,314.0987827640908,942.2963482922723,78.5246956910227,235.57408707306809,187.2541320954042,210.7128920033574,257.2474271408282,272.73436966584995,11.349781507134162,11.24112735462089,12.2967207189246,12.601658994484122,1628.6763835014426,1698.8173013844062,1700.8167880785186,results/qwen3-a3b-4gpu-parallelism/raw/vllm/vllm_tp4dp1/prompt256_out128_conc4_seed0_rep0/result.json
vllm,qwen3-a3b-4gpu-parallelism,d3ac2d162a80,9a0696003dfe,vllm_tp4dp1,"{""data_parallel_size"":1,""dtype"":""bfloat16"",""enable_expert_parallel"":false,""enable_prefix_caching"":false,""gpu_memory_utilization"":0.85,""max_num_batched_tokens"":8192,""max_num_seqs"":128,""moe_backend"":""auto"",""tensor_parallel_size"":4}",/mnt/projects/AI/josh/vllm/.venv/bin/python -m vllm.entrypoints.cli.main serve Qwen/Qwen3-30B-A3B --served-model-name moe-bench-qwen3-a3b-4gpu-parallelism --host 127.0.0.1 --port 19100 --dtype bfloat16 --trust-remote-code --moe-backend auto --gpu-memory-utilization 0.85 --no-enable-prefix-caching --max-num-seqs 128 --max-num-batched-tokens 8192 --tensor-parallel-size 4 --data-parallel-size 1 --no-enable-expert-parallel,prompt256_out128_conc64_seed0_rep0,256,128,64,inf,0,0,True,,32,0,4.567968843039125,7.005301721521816,896.6786203547924,2690.035861064377,224.1696550886981,672.5089652660943,1375.90812225244,1492.037664516829,1501.7205023614224,1502.022790282499,25.010453792567105,24.11574651954666,33.5642804949009,33.837979407357714,4552.235753908462,4564.383540925337,4565.098897510907,results/qwen3-a3b-4gpu-parallelism/raw/vllm/vllm_tp4dp1/prompt256_out128_conc64_seed0_rep0/result.json
vllm,qwen3-a3b-4gpu-parallelism,d3ac2d162a80,9a0696003dfe,vllm_tp4dp1,"{""data_parallel_size"":1,""dtype"":""bfloat16"",""enable_expert_parallel"":false,""enable_prefix_caching"":false,""gpu_memory_utilization"":0.85,""max_num_batched_tokens"":8192,""max_num_seqs"":128,""moe_backend"":""auto"",""tensor_parallel_size"":4}",/mnt/projects/AI/josh/vllm/.venv/bin/python -m vllm.entrypoints.cli.main serve Qwen/Qwen3-30B-A3B --served-model-name moe-bench-qwen3-a3b-4gpu-parallelism --host 127.0.0.1 --port 19100 --dtype bfloat16 --trust-remote-code --moe-backend auto --gpu-memory-utilization 0.85 --no-enable-prefix-caching --max-num-seqs 128 --max-num-batched-tokens 8192 --tensor-parallel-size 4 --data-parallel-size 1 --no-enable-expert-parallel,prompt4096_out128_conc16_seed0_rep0,4096,128,16,inf,0,0,True,,32,0,25.72270047001075,1.2440373450411144,159.23678016526264,5254.813745453667,39.80919504131566,1313.7034363634168,6086.764362902613,6316.018477489706,10291.496307658961,10665.304132665042,53.12469789041501,51.29635435855383,89.05985097095598,94.67551086549868,12833.600994985318,15471.553262177622,16195.566579854347,results/qwen3-a3b-4gpu-parallelism/raw/vllm/vllm_tp4dp1/prompt4096_out128_conc16_seed0_rep0/result.json
vllm,qwen3-a3b-4gpu-parallelism,d3ac2d162a80,9a0696003dfe,vllm_tp4dp1,"{""data_parallel_size"":1,""dtype"":""bfloat16"",""enable_expert_parallel"":false,""enable_prefix_caching"":false,""gpu_memory_utilization"":0.85,""max_num_batched_tokens"":8192,""max_num_seqs"":128,""moe_backend"":""auto"",""tensor_parallel_size"":4}",/mnt/projects/AI/josh/vllm/.venv/bin/python -m vllm.entrypoints.cli.main serve Qwen/Qwen3-30B-A3B --served-model-name moe-bench-qwen3-a3b-4gpu-parallelism --host 127.0.0.1 --port 19100 --dtype bfloat16 --trust-remote-code --moe-backend auto --gpu-memory-utilization 0.85 --no-enable-prefix-caching --max-num-seqs 128 --max-num-batched-tokens 8192 --tensor-parallel-size 4 --data-parallel-size 1 --no-enable-expert-parallel,prompt4096_out128_conc4_seed0_rep0,4096,128,4,inf,0,0,True,,32,0,32.824042303022,0.974895160827095,124.78658058586817,4117.9571593336495,31.19664514646704,1029.4892898334124,2056.775785786158,2408.7243685498834,2756.709669990232,2808.133585472824,16.097336008768497,13.426229618049746,26.50873205050694,26.669004207190977,4101.137458899757,4186.61023065215,4192.337727874983,results/qwen3-a3b-4gpu-parallelism/raw/vllm/vllm_tp4dp1/prompt4096_out128_conc4_seed0_rep0/result.json
vllm,qwen3-a3b-4gpu-parallelism,d3ac2d162a80,9a0696003dfe,vllm_tp4dp1,"{""data_parallel_size"":1,""dtype"":""bfloat16"",""enable_expert_parallel"":false,""enable_prefix_caching"":false,""gpu_memory_utilization"":0.85,""max_num_batched_tokens"":8192,""max_num_seqs"":128,""moe_backend"":""auto"",""tensor_parallel_size"":4}",/mnt/projects/AI/josh/vllm/.venv/bin/python -m vllm.entrypoints.cli.main serve Qwen/Qwen3-30B-A3B --served-model-name moe-bench-qwen3-a3b-4gpu-parallelism --host 127.0.0.1 --port 19100 --dtype bfloat16 --trust-remote-code --moe-backend auto --gpu-memory-utilization 0.85 --no-enable-prefix-caching --max-num-seqs 128 --max-num-batched-tokens 8192 --tensor-parallel-size 4 --data-parallel-size 1 --no-enable-expert-parallel,prompt4096_out128_conc64_seed0_rep0,4096,128,64,inf,0,0,True,,32,0,24.475640601012856,1.3074223682903634,167.35006314116652,5522.552083658495,41.83751578529163,1380.6380209146237,11957.803948433138,12025.720020057634,20941.049337072764,21338.733640370192,97.52539753745215,97.09303380369656,167.92869749029833,180.5436772781912,24343.52943568956,24449.864464899292,24452.203666245332,results/qwen3-a3b-4gpu-parallelism/raw/vllm/vllm_tp4dp1/prompt4096_out128_conc64_seed0_rep0/result.json
vllm,qwen3-a3b-4gpu-parallelism,5caf3fdc02e4,702117e71a9e,vllm_tp4dp1_ep,"{""all2all_backend"":""allgather_reducescatter"",""data_parallel_size"":1,""dtype"":""bfloat16"",""enable_ep_weight_filter"":true,""enable_expert_parallel"":true,""enable_prefix_caching"":false,""expert_placement_strategy"":""linear"",""gpu_memory_utilization"":0.85,""max_num_batched_tokens"":8192,""max_num_seqs"":128,""moe_backend"":""auto"",""tensor_parallel_size"":4}",/mnt/projects/AI/josh/vllm/.venv/bin/python -m vllm.entrypoints.cli.main serve Qwen/Qwen3-30B-A3B --served-model-name moe-bench-qwen3-a3b-4gpu-parallelism --host 127.0.0.1 --port 19100 --dtype bfloat16 --trust-remote-code --moe-backend auto --gpu-memory-utilization 0.85 --no-enable-prefix-caching --max-num-seqs 128 --max-num-batched-tokens 8192 --tensor-parallel-size 4 --data-parallel-size 1 --enable-expert-parallel --enable-ep-weight-filter --all2all-backend allgather_reducescatter --expert-placement-strategy linear,prompt256_out128_conc16_seed0_rep0,256,128,16,inf,0,0,True,,32,0,6.222809585975483,5.142371714557887,658.2235794634096,1974.6707383902287,164.5558948658524,493.6676845975572,658.9995648755576,689.9508115020581,816.5783197502606,819.37028267188,19.22771264833314,18.706045193253008,23.05630764109999,23.357133197407496,3100.919071213866,3192.382450698642,3195.158373604063,results/qwen3-a3b-4gpu-parallelism/raw/vllm/vllm_tp4dp1_ep/prompt256_out128_conc16_seed0_rep0/result.json
vllm,qwen3-a3b-4gpu-parallelism,5caf3fdc02e4,702117e71a9e,vllm_tp4dp1_ep,"{""all2all_backend"":""allgather_reducescatter"",""data_parallel_size"":1,""dtype"":""bfloat16"",""enable_ep_weight_filter"":true,""enable_expert_parallel"":true,""enable_prefix_caching"":false,""expert_placement_strategy"":""linear"",""gpu_memory_utilization"":0.85,""max_num_batched_tokens"":8192,""max_num_seqs"":128,""moe_backend"":""auto"",""tensor_parallel_size"":4}",/mnt/projects/AI/josh/vllm/.venv/bin/python -m vllm.entrypoints.cli.main serve Qwen/Qwen3-30B-A3B --served-model-name moe-bench-qwen3-a3b-4gpu-parallelism --host 127.0.0.1 --port 19100 --dtype bfloat16 --trust-remote-code --moe-backend auto --gpu-memory-utilization 0.85 --no-enable-prefix-caching --max-num-seqs 128 --max-num-batched-tokens 8192 --tensor-parallel-size 4 --data-parallel-size 1 --enable-expert-parallel --enable-ep-weight-filter --all2all-backend allgather_reducescatter --expert-placement-strategy linear,prompt256_out128_conc4_seed0_rep0,256,128,4,inf,0,0,True,,32,0,13.669179543037899,2.3410329712362663,299.6522203182421,898.9566609547262,74.91305507956052,224.73916523868155,185.9145006928884,208.63094448577613,265.98360316129396,320.16186884371564,11.978896545741469,11.867233244500556,12.908956781763028,13.275686590198985,1707.2343620020547,1825.5833681323566,1831.9322966923937,results/qwen3-a3b-4gpu-parallelism/raw/vllm/vllm_tp4dp1_ep/prompt256_out128_conc4_seed0_rep0/result.json
vllm,qwen3-a3b-4gpu-parallelism,5caf3fdc02e4,702117e71a9e,vllm_tp4dp1_ep,"{""all2all_backend"":""allgather_reducescatter"",""data_parallel_size"":1,""dtype"":""bfloat16"",""enable_ep_weight_filter"":true,""enable_expert_parallel"":true,""enable_prefix_caching"":false,""expert_placement_strategy"":""linear"",""gpu_memory_utilization"":0.85,""max_num_batched_tokens"":8192,""max_num_seqs"":128,""moe_backend"":""auto"",""tensor_parallel_size"":4}",/mnt/projects/AI/josh/vllm/.venv/bin/python -m vllm.entrypoints.cli.main serve Qwen/Qwen3-30B-A3B --served-model-name moe-bench-qwen3-a3b-4gpu-parallelism --host 127.0.0.1 --port 19100 --dtype bfloat16 --trust-remote-code --moe-backend auto --gpu-memory-utilization 0.85 --no-enable-prefix-caching --max-num-seqs 128 --max-num-batched-tokens 8192 --tensor-parallel-size 4 --data-parallel-size 1 --enable-expert-parallel --enable-ep-weight-filter --all2all-backend allgather_reducescatter --expert-placement-strategy linear,prompt256_out128_conc64_seed0_rep0,256,128,64,inf,0,0,True,,32,0,4.685122641036287,6.830130703456255,874.2567300424006,2622.7701901272017,218.56418251060015,655.6925475318004,1340.3781535016606,1456.0146620497108,1464.1829440137371,1465.4554563586134,26.205708812694223,25.322545834497998,34.6306026593771,34.89966639624652,4668.503172713827,4680.719925195444,4681.466847721022,results/qwen3-a3b-4gpu-parallelism/raw/vllm/vllm_tp4dp1_ep/prompt256_out128_conc64_seed0_rep0/result.json
vllm,qwen3-a3b-4gpu-parallelism,5caf3fdc02e4,702117e71a9e,vllm_tp4dp1_ep,"{""all2all_backend"":""allgather_reducescatter"",""data_parallel_size"":1,""dtype"":""bfloat16"",""enable_ep_weight_filter"":true,""enable_expert_parallel"":true,""enable_prefix_caching"":false,""expert_placement_strategy"":""linear"",""gpu_memory_utilization"":0.85,""max_num_batched_tokens"":8192,""max_num_seqs"":128,""moe_backend"":""auto"",""tensor_parallel_size"":4}",/mnt/projects/AI/josh/vllm/.venv/bin/python -m vllm.entrypoints.cli.main serve Qwen/Qwen3-30B-A3B --served-model-name moe-bench-qwen3-a3b-4gpu-parallelism --host 127.0.0.1 --port 19100 --dtype bfloat16 --trust-remote-code --moe-backend auto --gpu-memory-utilization 0.85 --no-enable-prefix-caching --max-num-seqs 128 --max-num-batched-tokens 8192 --tensor-parallel-size 4 --data-parallel-size 1 --enable-expert-parallel --enable-ep-weight-filter --all2all-backend allgather_reducescatter --expert-placement-strategy linear,prompt4096_out128_conc16_seed0_rep0,4096,128,16,inf,0,0,True,,32,0,25.526821273029782,1.253583423401386,160.45867819537742,5295.136380447454,40.114669548844354,1323.7840951118635,6184.291298868629,6541.540389007423,10104.784083901905,10476.643310531508,51.56743472441916,48.74515140568471,88.36980011423235,93.89857217174492,12733.355508869863,14028.251017577713,14743.490030319663,results/qwen3-a3b-4gpu-parallelism/raw/vllm/vllm_tp4dp1_ep/prompt4096_out128_conc16_seed0_rep0/result.json
vllm,qwen3-a3b-4gpu-parallelism,5caf3fdc02e4,702117e71a9e,vllm_tp4dp1_ep,"{""all2all_backend"":""allgather_reducescatter"",""data_parallel_size"":1,""dtype"":""bfloat16"",""enable_ep_weight_filter"":true,""enable_expert_parallel"":true,""enable_prefix_caching"":false,""expert_placement_strategy"":""linear"",""gpu_memory_utilization"":0.85,""max_num_batched_tokens"":8192,""max_num_seqs"":128,""moe_backend"":""auto"",""tensor_parallel_size"":4}",/mnt/projects/AI/josh/vllm/.venv/bin/python -m vllm.entrypoints.cli.main serve Qwen/Qwen3-30B-A3B --served-model-name moe-bench-qwen3-a3b-4gpu-parallelism --host 127.0.0.1 --port 19100 --dtype bfloat16 --trust-remote-code --moe-backend auto --gpu-memory-utilization 0.85 --no-enable-prefix-caching --max-num-seqs 128 --max-num-batched-tokens 8192 --tensor-parallel-size 4 --data-parallel-size 1 --enable-expert-parallel --enable-ep-weight-filter --all2all-backend allgather_reducescatter --expert-placement-strategy linear,prompt4096_out128_conc4_seed0_rep0,4096,128,4,inf,0,0,True,,32,0,33.17323683598079,0.9646330310852194,123.47302797890808,4074.6099233039668,30.86825699472702,1018.6524808259917,2031.0045130790968,2393.938376044389,2714.997819904238,2742.676365156658,16.64145139763755,13.883657712676365,26.97600759066253,27.247095788227703,4144.468840579066,4209.8962277697865,4217.420550228562,results/qwen3-a3b-4gpu-parallelism/raw/vllm/vllm_tp4dp1_ep/prompt4096_out128_conc4_seed0_rep0/result.json
vllm,qwen3-a3b-4gpu-parallelism,5caf3fdc02e4,702117e71a9e,vllm_tp4dp1_ep,"{""all2all_backend"":""allgather_reducescatter"",""data_parallel_size"":1,""dtype"":""bfloat16"",""enable_ep_weight_filter"":true,""enable_expert_parallel"":true,""enable_prefix_caching"":false,""expert_placement_strategy"":""linear"",""gpu_memory_utilization"":0.85,""max_num_batched_tokens"":8192,""max_num_seqs"":128,""moe_backend"":""auto"",""tensor_parallel_size"":4}",/mnt/projects/AI/josh/vllm/.venv/bin/python -m vllm.entrypoints.cli.main serve Qwen/Qwen3-30B-A3B --served-model-name moe-bench-qwen3-a3b-4gpu-parallelism --host 127.0.0.1 --port 19100 --dtype bfloat16 --trust-remote-code --moe-backend auto --gpu-memory-utilization 0.85 --no-enable-prefix-caching --max-num-seqs 128 --max-num-batched-tokens 8192 --tensor-parallel-size 4 --data-parallel-size 1 --enable-expert-parallel --enable-ep-weight-filter --all2all-backend allgather_reducescatter --expert-placement-strategy linear,prompt4096_out128_conc64_seed0_rep0,4096,128,64,inf,0,0,True,,32,0,24.18638758000452,1.32305826548712,169.35145798235135,5588.5981134175945,42.33786449558784,1397.1495283543986,11703.81679633283,11773.687004984822,20829.025643516798,20874.52029593289,97.11822876067353,96.67303130318463,170.89625508382395,176.12857369193625,24037.831848938367,24148.39630696224,24153.294956751633,results/qwen3-a3b-4gpu-parallelism/raw/vllm/vllm_tp4dp1_ep/prompt4096_out128_conc64_seed0_rep0/result.json
